NAME,LASTNAME,AGE,DOCUMENT,CITY,COUNTRY,LANGUAGE
Dock,Fritsch,19,62245001125,Sao Paulo,Brasil,Portugués
Jacynthe,Medhurst,25,638726470,Sao Paulo,Brasil,Portugués
Carter-Ondricka LLC,,34,997456874,Miami,Estados Unidos,Inglés
Nels,Waters,70,59431037302,Bogotá,Colombia,Español
Finn,Homenick,18,4370025721,Paris,Francia,Francés
Clare,Smith,41,610692539,Sao Paulo,Brasil,Portugués
Jessyca,Wolff,70,046713182,Paris,Francia,Francés
Ondricka - Hilll,,71,956554043,Sao Paulo,Brasil,Portugués
Zachary,Medhurst,21,24942060084,Miami,Estados Unidos,Inglés
Price - Shields,,47,919234232,Miami,Estados Unidos,Inglés
"Windler, Lang and Thiel",,28,956013820,Bogotá,Colombia,Español
Gorczany LLC,,38,930610176,Miami,Estados Unidos,Inglés
Emmitt,Cole,72,584239358,Paris,Francia,Francés
Rempel - Stanton,,48,940919344,Miami,Estados Unidos,Inglés
Ruby,Kozey,29,544817636,Paris,Francia,Francés
Mazie,Gorczany,17,11058709,Bogotá,Colombia,Español
Rippin and Sons,,50,989444727,Sao Paulo,Brasil,Portugués
Murphy - Hackett,,76,956523164,Miami,Estados Unidos,Inglés
Wayne,Tromp,35,180638717,Miami,Estados Unidos,Inglés
"Renner, Jacobson and VonRueden",,77,988670317,Sao Paulo,Brasil,Portugués
Allan,Brown,35,12409829347,Miami,Estados Unidos,Inglés
"Thompson, Hirthe and Kshlerin",,41,996385107,Sao Paulo,Brasil,Portugués
Georgette,Bins,44,216084924,Paris,Francia,Francés
Kent,Erdman,54,038633488,Miami,Estados Unidos,Inglés
Trey,Schoen-Padberg,74,1435095944,Bogotá,Colombia,Español
Anthony,Langosh,78,1839640891,Miami,Estados Unidos,Inglés
Deven,Reilly,22,0917942440,Sao Paulo,Brasil,Portugués
Estel,Halvorson-Botsford,60,0036198138,Miami,Estados Unidos,Inglés
Nader-Mraz Group,,19,958975343,Bogotá,Colombia,Español
Donald,Welch,11,11001486,Paris,Francia,Francés
"Littel, Gleason and Purdy",,38,954440953,Paris,Francia,Francés
Patti,McClure,68,2462807233,Bogotá,Colombia,Español
Roman,Mertz,78,63558920414,Paris,Francia,Francés
Edison,Marks,47,7642782892,Miami,Estados Unidos,Inglés
Sheldon,Bahringer,64,67784975936,Bogotá,Colombia,Español
Constance,Mayert,51,531424840,Bogotá,Colombia,Español
Bernice,Luettgen,77,2610426280,Bogotá,Colombia,Español
Cassidy,Ullrich,70,07308402861,Bogotá,Colombia,Español
Heathcote LLC,,26,953001550,Miami,Estados Unidos,Inglés
Novella,Fahey,47,373262035,Sao Paulo,Brasil,Portugués
Gordon,Cummerata,64,83258369458,Paris,Francia,Francés
Eunice,Tillman,18,2004494173,Sao Paulo,Brasil,Portugués
Jeramie,Ziemann,50,0570725535,Sao Paulo,Brasil,Portugués
Kertzmann - Roob,,16,976929265,Paris,Francia,Francés
